{
  "eval_loss": 0.6656767725944519,
  "eval_token_accuracy": 0.8625,
  "eval_f1": 0.8231173380035026,
  "eval_runtime": 0.2179,
  "eval_samples_per_second": 256.942,
  "eval_steps_per_second": 4.588,
  "epoch": 6.0
}