{
  "hist_joint": [
    {
      "epoch": 1,
      "avg": {
        "UAS": 92.02812204134919,
        "LAS": 87.99956624611144,
        "LS": 92.49500524233012
      },
      "per_lang": {
        "en_ewt": {
          "UAS": 93.73682745456715,
          "LAS": 91.76442517994194,
          "LS": 95.09683063586114
        },
        "hi_hdtb": {
          "UAS": 95.4056279637675,
          "LAS": 92.205468949655,
          "LS": 94.9456228525996
        },
        "ur_udtb": {
          "UAS": 86.94191070571291,
          "LAS": 80.0288046087374,
          "LS": 87.44256223852959
        }
      }
    },
    {
      "epoch": 2,
      "avg": {
        "UAS": 92.41934218516276,
        "LAS": 88.3785780788309,
        "LS": 92.43705521052094
      },
      "per_lang": {
        "en_ewt": {
          "UAS": 93.68115480971885,
          "LAS": 91.77237841492027,
          "LS": 95.12069034079612
        },
        "hi_hdtb": {
          "UAS": 95.49649317091178,
          "LAS": 92.33324814720163,
          "LS": 94.93994377715308
        },
        "ur_udtb": {
          "UAS": 88.08037857485769,
          "LAS": 81.03010767437075,
          "LS": 87.25053151361361
        }
      }
    },
    {
      "epoch": 3,
      "avg": {
        "UAS": 92.18629456770502,
        "LAS": 88.51406657563142,
        "LS": 92.69218006109709
      },
      "per_lang": {
        "en_ewt": {
          "UAS": 93.6095756949139,
          "LAS": 91.67693959518034,
          "LS": 95.14852666322027
        },
        "hi_hdtb": {
          "UAS": 95.23241616264872,
          "LAS": 92.04645483715251,
          "LS": 94.80648550415992
        },
        "ur_udtb": {
          "UAS": 87.71689184555242,
          "LAS": 81.81880529456141,
          "LS": 88.12152801591111
        }
      }
    },
    {
      "epoch": 4,
      "avg": {
        "UAS": 92.27855927781083,
        "LAS": 88.35395802192757,
        "LS": 92.43451122593854
      },
      "per_lang": {
        "en_ewt": {
          "UAS": 94.01121406131944,
          "LAS": 91.97120928937845,
          "LS": 95.19624607309024
        },
        "hi_hdtb": {
          "UAS": 95.27216969077435,
          "LAS": 91.8959593378198,
          "LS": 94.63043416531788
        },
        "ur_udtb": {
          "UAS": 87.55229408133873,
          "LAS": 81.19470543858446,
          "LS": 87.47685343940745
        }
      }
    }
  ],
  "results_joint": {
    "bn_before_joint": {
      "UAS": 65.0,
      "LAS": 46.5625,
      "LS": 60.9375
    },
    "dev_after_joint_avg": {
      "UAS": 92.18629456770502,
      "LAS": 88.51406657563142,
      "LS": 92.69218006109709
    },
    "dev_after_joint_per_lang": {
      "en_ewt": {
        "UAS": 93.6095756949139,
        "LAS": 91.67693959518034,
        "LS": 95.14852666322027
      },
      "hi_hdtb": {
        "UAS": 95.23241616264872,
        "LAS": 92.04645483715251,
        "LS": 94.80648550415992
      },
      "ur_udtb": {
        "UAS": 87.71689184555242,
        "LAS": 81.81880529456141,
        "LS": 88.12152801591111
      }
    },
    "bn_after_joint": {
      "UAS": 71.875,
      "LAS": 53.125,
      "LS": 65.0
    }
  }
}