{
  "bn_test_pretrain_raw": "(5.046002566814423, UCM:  3.57% LCM:  0.00% UAS: 17.00% LAS:  0.81%)",
  "bn_test_pretrain": {
    "loss": 5.046002566814423,
    "UCM": 3.57,
    "LCM": 0.0,
    "UAS": 17.0,
    "LAS": 0.81
  },
  "en_dev_raw": "(0.24758604425808478, UCM: 71.91% LCM: 61.22% UAS: 93.63% LAS: 91.30%)",
  "en_dev": {
    "loss": 0.24758604425808478,
    "UCM": 71.91,
    "LCM": 61.22,
    "UAS": 93.63,
    "LAS": 91.3
  },
  "bn_test_trained_raw": "(1.9069153778254986, UCM: 42.86% LCM: 17.86% UAS: 62.35% LAS: 48.58%)",
  "bn_test_trained": {
    "loss": 1.9069153778254986,
    "UCM": 42.86,
    "LCM": 17.86,
    "UAS": 62.35,
    "LAS": 48.58
  }
}